name,betweenness_centrality,degree_centrality,eigenvector_centrality
King,0.22005924624649184,0.31343283582089554,0.3490658783665117
Suffolk,0.2379469894395268,0.26865671641791045,0.2738148056313592
Queen,0.08034273317516198,0.2537313432835821,0.32039942784458164
York,0.19812235229467262,0.2835820895522388,0.3253797746618937
Gloucester,0.18875144027789903,0.29850746268656714,0.29972201181159663
Cardinal,0.02092900942968786,0.16417910447761194,0.24326340280277453
Salisbury,0.023914363313956265,0.16417910447761194,0.24330253806305202
Warwick,0.006087079662384953,0.13432835820895522,0.22620905793245372
Buckingham,0.15802547997256275,0.208955223880597,0.26494266902021096
Somerset,0.0054532946323991105,0.11940298507462686,0.20458610135549726
Duchess,0.05960801221995253,0.13432835820895522,0.16280916362355585
1Messenger,0.0,0.014925373134328358,0.028436587286877552
Hume,0.0,0.029850746268656716,0.02006386224014781
1Petitioner,0.0,0.04477611940298507,0.06404409606148077
2Petitioner,0.0004615616555915064,0.05970149253731343,0.08081215655929785
Peter,0.040273822363374595,0.13432835820895522,0.19350373870945628
Horner,0.05720755198367141,0.1044776119402985,0.12734979010813008
Bolingbroke,0.06034976631991555,0.05970149253731343,0.048663456933754845
Spirit,0.028946178199909543,0.029850746268656716,0.00465896968965004
Witch,0.0,0.014925373134328358,0.00044202705563345477
Townsman,0.0,0.04477611940298507,0.08753350113477566
Simpcox,0.0077576928323196985,0.1044776119402985,0.1538317660381514
Wife,0.0,0.05970149253731343,0.09209013775894057
Mayor,0.0,0.014925373134328358,0.028436587286877552
Beadle,0.0,0.029850746268656716,0.043031584376650264
1Neighbour,0.024634403738881348,0.029850746268656716,0.03126474137647153
2Neighbour,0.0004522840343735866,0.029850746268656716,0.004150001855653446
3Neighbour,0.003859490426654605,0.029850746268656716,0.012476271832632018
1Prentice,0.0006784260515603799,0.029850746268656716,0.013949927632612297
2Prentice,0.0021364207931372104,0.029850746268656716,0.01968246622607877
Servant,0.0,0.014925373134328358,0.028436587286877552
Herald,0.0,0.014925373134328358,0.028436587286877552
Sheriff,0.0,0.029850746268656716,0.04388341763675708
Stanley,0.0,0.029850746268656716,0.04388341763675708
Post,0.0,0.029850746268656716,0.053951024960625864
1Murderer,0.028946178199909543,0.029850746268656716,0.02621449653182324
2Murderer,0.0,0.014925373134328358,0.002487117350790876
Commons,0.0,0.04477611940298507,0.08218065615015008
Vaux,0.0,0.014925373134328358,0.03039843127582123
1Gentleman,0.04236393788632595,0.07462686567164178,0.033101108160718935
Lieutenant,0.028116990803557968,0.05970149253731343,0.032555216138085666
Master,0.0003769033619779888,0.029850746268656716,0.003464692739967011
Mate,0.0002261420171867933,0.029850746268656716,0.0034173907291800056
2Gentleman,0.0,0.029850746268656716,0.006252464013313664
Whitmore,0.013945424393185584,0.05970149253731343,0.032800883783538674
Bevis,0.0011251098768059419,0.029850746268656716,0.007944803142188749
Holland,0.0022538821046283733,0.05970149253731343,0.008388448858207415
Cade,0.16016702404083677,0.19402985074626866,0.056171915958282345
Dick,0.003260320763712894,0.07462686567164178,0.015379250363061666
Smith,0.0005653550429669833,0.05970149253731343,0.008904847060014657
Rebels,0.0692030763095892,0.11940298507462686,0.06831024799751283
Clerk,0.00044286145032413694,0.04477611940298507,0.01327086055368628
Michael,0.0,0.014925373134328358,0.005329979063782091
Stafford,0.001905838269474633,0.05970149253731343,0.013902574131880618
Brother,0.0,0.04477611940298507,0.013130717111168679
Saye,0.058364698646245466,0.1044776119402985,0.07534353735740924
2Messenger,0.0,0.014925373134328358,0.03311838119924325
3Messenger,0.0,0.029850746268656716,0.03228582226509663
1Citizen,0.0,0.014925373134328358,2.1944080663413792e-14
Scales,0.0,0.014925373134328358,2.1944080663413792e-14
Soldier,0.0,0.014925373134328358,0.005329979063782091
4Messenger,0.0,0.014925373134328358,0.005329979063782091
LordClifford,0.030384250906638967,0.11940298507462686,0.1594826721263221
5Messenger,0.0,0.029850746268656716,0.03959981238099777
Iden,0.022189778787472133,0.05970149253731343,0.09445649443537446
Edward,0.0,0.014925373134328358,0.03087100422699041
YoungClifford,0.0,0.029850746268656716,0.024793280410595794
Richard,0.008853004375392435,0.07462686567164178,0.1018368295723327
